{
  "dataset": "ogbn-arxiv",
  "timestamp": "2025-03-28T17:05:55.336501",
  "gan": {
    "metrics": {
      "all": {
        "accuracy": 0.024,
        "f1_micro": 0.024,
        "f1_macro": 0.009698850344396416
      },
      "train": {
        "accuracy": 0.018333333333333333,
        "f1_micro": 0.018333333333333333,
        "f1_macro": 0.00815727229322435
      },
      "val": {
        "accuracy": 0.03,
        "f1_micro": 0.03,
        "f1_macro": 0.012971201552516432
      },
      "test": {
        "accuracy": 0.035,
        "f1_micro": 0.035,
        "f1_macro": 0.017476683494481046
      }
    },
    "time": 0.1268138885498047,
    "num_layers": 2,
    "llm_model": "mock",
    "batch_size": 64
  },
  "gcn": {
    "metrics": {
      "train": {
        "loss": 0.10018663108348846,
        "accuracy": 0.9983333333333333,
        "f1_micro": 0.9983333333333333,
        "f1_macro": 0.9996197393527019
      },
      "val": {
        "loss": 2.6246283054351807,
        "accuracy": 0.405,
        "f1_micro": 0.405,
        "f1_macro": 0.17426030935112305
      },
      "test": {
        "loss": 2.3673059940338135,
        "accuracy": 0.44,
        "f1_micro": 0.44,
        "f1_macro": 0.25363225453325566
      }
    },
    "time": 1.3110418319702148,
    "hidden_dim": 256,
    "num_layers": 2,
    "epochs": 200
  }
}